<?xml version="1.0" encoding="UTF-8"?>
<PeakList>
  <PeakList1D>
    <PeakList1DHeader creator="nmrsu" date="2024-07-24T09:44:22.997+01:00" expNo="30" name="Jul24-2024-AIC_Group" owner="" procNo="1" source="C:/Bruker/TopSpin3.6.5/data/AIC_Group/nmr">
      <PeakPickDetails>F1=13.574570ppm, F2=-2.445858ppm, MI=0.30cm, MAXI=10000.00cm, PC=1.000
      </PeakPickDetails>
    </PeakList1DHeader>
    <Peak1D F1="3.338084" intensity="1.058862e+000" type="0"/>
    <Peak1D F1="3.297620" intensity="6.548960e-001" type="0"/>
    <Peak1D F1="3.276822" intensity="8.906761e-001" type="0"/>
    <Peak1D F1="3.265460" intensity="1.577897e+000" type="0"/>
    <Peak1D F1="3.245210" intensity="1.451391e+000" type="0"/>
    <Peak1D F1="3.224822" intensity="6.996470e-001" type="0"/>
    <Peak1D F1="3.210274" intensity="3.302944e-001" type="0"/>
    <Peak1D F1="3.194105" intensity="3.962544e-001" type="0"/>
    <Peak1D F1="3.186932" intensity="3.982174e-001" type="0"/>
    <Peak1D F1="3.181212" intensity="4.055552e-001" type="0"/>
    <Peak1D F1="3.166167" intensity="8.398197e-001" type="0"/>
    <Peak1D F1="3.162359" intensity="8.327108e-001" type="0"/>
    <Peak1D F1="3.144819" intensity="1.408780e+000" type="0"/>
    <Peak1D F1="3.125176" intensity="1.047063e+000" type="0"/>
    <Peak1D F1="3.118957" intensity="9.600259e-001" type="0"/>
    <Peak1D F1="3.114212" intensity="9.399295e-001" type="0"/>
    <Peak1D F1="3.054280" intensity="1.472648e+000" type="0"/>
    <Peak1D F1="3.012428" intensity="1.239486e+000" type="0"/>
    <Peak1D F1="3.003852" intensity="9.434873e-001" type="0"/>
    <Peak1D F1="2.945635" intensity="1.253943e+000" type="0"/>
    <Peak1D F1="2.924114" intensity="1.834004e+000" type="0"/>
    <Peak1D F1="2.911153" intensity="1.105232e+000" type="0"/>
    <Peak1D F1="2.907505" intensity="5.943848e-001" type="0"/>
    <Peak1D F1="2.900973" intensity="1.094086e+000" type="0"/>
    <Peak1D F1="2.896804" intensity="9.607724e-001" type="0"/>
    <Peak1D F1="2.893293" intensity="1.081771e+000" type="0"/>
    <Peak1D F1="2.878586" intensity="1.248958e+000" type="0"/>
    <Peak1D F1="2.873832" intensity="1.377630e+000" type="0"/>
    <Peak1D F1="2.859348" intensity="1.613500e+000" type="0"/>
    <Peak1D F1="2.855991" intensity="1.565867e+000" type="0"/>
    <Peak1D F1="2.852854" intensity="1.755750e+000" type="0"/>
    <Peak1D F1="2.840411" intensity="9.645258e-001" type="0"/>
    <Peak1D F1="2.837152" intensity="8.472583e-001" type="0"/>
    <Peak1D F1="2.832935" intensity="1.139295e+000" type="0"/>
    <Peak1D F1="2.824192" intensity="4.296808e-001" type="0"/>
    <Peak1D F1="2.808868" intensity="6.160926e-001" type="0"/>
    <Peak1D F1="2.767904" intensity="3.019301e+000" type="0"/>
    <Peak1D F1="2.761455" intensity="4.156024e+000" type="0"/>
    <Peak1D F1="2.688600" intensity="1.134083e+001" type="0"/>
    <Peak1D F1="2.682748" intensity="1.111432e+001" type="0"/>
    <Peak1D F1="2.674685" intensity="1.030689e+001" type="0"/>
    <Peak1D F1="2.666840" intensity="1.179859e+001" type="0"/>
    <Peak1D F1="2.650803" intensity="6.923514e+000" type="0"/>
    <Peak1D F1="2.648680" intensity="6.858699e+000" type="0"/>
    <Peak1D F1="2.647424" intensity="6.869039e+000" type="0"/>
    <Peak1D F1="2.644333" intensity="6.923926e+000" type="0"/>
    <Peak1D F1="2.637041" intensity="6.282399e+000" type="0"/>
    <Peak1D F1="2.633673" intensity="6.303765e+000" type="0"/>
    <Peak1D F1="2.624978" intensity="5.318492e+000" type="0"/>
    <Peak1D F1="2.614854" intensity="7.136082e+000" type="0"/>
    <Peak1D F1="2.612607" intensity="7.285270e+000" type="0"/>
    <Peak1D F1="2.594736" intensity="9.180423e+000" type="0"/>
    <Peak1D F1="2.588217" intensity="9.735918e+000" type="0"/>
    <Peak1D F1="2.576493" intensity="1.084456e+001" type="0"/>
    <Peak1D F1="2.565841" intensity="1.220161e+001" type="0"/>
    <Peak1D F1="2.560204" intensity="1.256768e+001" type="0"/>
    <Peak1D F1="2.547055" intensity="1.068653e+001" type="0"/>
    <Peak1D F1="2.477612" intensity="4.652823e+000" type="0"/>
    <Peak1D F1="2.432650" intensity="5.726532e+000" type="0"/>
    <Peak1D F1="2.362021" intensity="1.028770e+001" type="0"/>
    <Peak1D F1="2.357985" intensity="1.070360e+001" type="0"/>
    <Peak1D F1="2.355834" intensity="1.054597e+001" type="0"/>
    <Peak1D F1="2.346215" intensity="1.247335e+001" type="0"/>
    <Peak1D F1="2.343217" intensity="1.271612e+001" type="0"/>
    <Peak1D F1="2.334016" intensity="1.291877e+001" type="0"/>
    <Peak1D F1="2.328454" intensity="1.252250e+001" type="0"/>
    <Peak1D F1="2.325416" intensity="1.271864e+001" type="0"/>
    <Peak1D F1="2.312732" intensity="1.335820e+001" type="0"/>
    <Peak1D F1="2.311581" intensity="1.336413e+001" type="0"/>
    <Peak1D F1="2.302414" intensity="1.359899e+001" type="0"/>
    <Peak1D F1="2.299461" intensity="1.378753e+001" type="0"/>
    <Peak1D F1="2.295793" intensity="1.387416e+001" type="0"/>
    <Peak1D F1="2.290582" intensity="1.333655e+001" type="0"/>
    <Peak1D F1="2.281611" intensity="1.442605e+001" type="0"/>
    <Peak1D F1="2.264389" intensity="1.249950e+001" type="0"/>
    <Peak1D F1="2.199464" intensity="4.166962e+000" type="0"/>
    <Peak1D F1="2.196220" intensity="4.392365e+000" type="0"/>
    <Peak1D F1="2.189632" intensity="3.570791e+000" type="0"/>
    <Peak1D F1="2.185339" intensity="3.285739e+000" type="0"/>
    <Peak1D F1="2.182568" intensity="3.034286e+000" type="0"/>
    <Peak1D F1="2.145993" intensity="2.863276e+000" type="0"/>
    <Peak1D F1="2.144589" intensity="2.860092e+000" type="0"/>
    <Peak1D F1="2.117198" intensity="7.711005e-001" type="0"/>
    <Peak1D F1="2.113130" intensity="1.093935e+000" type="0"/>
    <Peak1D F1="2.104659" intensity="2.611900e+000" type="0"/>
    <Peak1D F1="2.098508" intensity="3.656544e+000" type="0"/>
    <Peak1D F1="2.091535" intensity="4.129629e+000" type="0"/>
    <Peak1D F1="2.032610" intensity="8.671000e+000" type="0"/>
    <Peak1D F1="2.026621" intensity="9.938112e+000" type="0"/>
    <Peak1D F1="2.014670" intensity="1.229547e+001" type="0"/>
    <Peak1D F1="2.009655" intensity="1.248275e+001" type="0"/>
    <Peak1D F1="1.999835" intensity="1.394449e+001" type="0"/>
    <Peak1D F1="1.994574" intensity="1.363604e+001" type="0"/>
    <Peak1D F1="1.979348" intensity="1.507947e+001" type="0"/>
    <Peak1D F1="1.976964" intensity="1.502211e+001" type="0"/>
    <Peak1D F1="1.959751" intensity="1.534766e+001" type="0"/>
    <Peak1D F1="1.955747" intensity="1.513038e+001" type="0"/>
    <Peak1D F1="1.943458" intensity="1.324646e+001" type="0"/>
    <Peak1D F1="1.940736" intensity="1.298104e+001" type="0"/>
    <Peak1D F1="1.938534" intensity="1.288158e+001" type="0"/>
    <Peak1D F1="1.915098" intensity="3.622020e+000" type="0"/>
    <Peak1D F1="1.871220" intensity="3.840915e+000" type="0"/>
    <Peak1D F1="1.867598" intensity="3.994201e+000" type="0"/>
    <Peak1D F1="1.863351" intensity="3.401674e+000" type="0"/>
    <Peak1D F1="1.861131" intensity="3.419082e+000" type="0"/>
    <Peak1D F1="1.856815" intensity="3.047676e+000" type="0"/>
    <Peak1D F1="1.851276" intensity="2.744117e+000" type="0"/>
    <Peak1D F1="1.821079" intensity="4.631803e-001" type="0"/>
    <Peak1D F1="1.811663" intensity="1.247827e+000" type="0"/>
    <Peak1D F1="1.810969" intensity="1.248098e+000" type="0"/>
    <Peak1D F1="1.805088" intensity="1.262621e+000" type="0"/>
    <Peak1D F1="1.794274" intensity="3.441496e+000" type="0"/>
    <Peak1D F1="1.730286" intensity="1.039699e+001" type="0"/>
    <Peak1D F1="1.721031" intensity="1.094523e+001" type="0"/>
    <Peak1D F1="1.716308" intensity="1.146889e+001" type="0"/>
    <Peak1D F1="1.713298" intensity="1.159399e+001" type="0"/>
    <Peak1D F1="1.707126" intensity="1.239621e+001" type="0"/>
    <Peak1D F1="1.705122" intensity="1.241740e+001" type="0"/>
    <Peak1D F1="1.696419" intensity="1.046408e+001" type="0"/>
    <Peak1D F1="1.688778" intensity="8.581096e+000" type="0"/>
    <Peak1D F1="1.684541" intensity="8.604613e+000" type="0"/>
    <Peak1D F1="1.665862" intensity="9.111464e+000" type="0"/>
    <Peak1D F1="1.664840" intensity="9.132833e+000" type="0"/>
    <Peak1D F1="1.657293" intensity="8.008778e+000" type="0"/>
    <Peak1D F1="1.646072" intensity="1.112396e+001" type="0"/>
    <Peak1D F1="1.643142" intensity="1.091515e+001" type="0"/>
    <Peak1D F1="1.638790" intensity="1.107675e+001" type="0"/>
    <Peak1D F1="1.635941" intensity="1.110730e+001" type="0"/>
    <Peak1D F1="1.625812" intensity="1.285794e+001" type="0"/>
    <Peak1D F1="1.622539" intensity="1.293022e+001" type="0"/>
    <Peak1D F1="1.619194" intensity="1.322941e+001" type="0"/>
    <Peak1D F1="1.603064" intensity="1.108439e+001" type="0"/>
    <Peak1D F1="1.582637" intensity="2.286993e+000" type="0"/>
    <Peak1D F1="1.540955" intensity="4.213368e+000" type="0"/>
    <Peak1D F1="1.537457" intensity="4.141579e+000" type="0"/>
    <Peak1D F1="1.522803" intensity="3.994224e-001" type="0"/>
    <Peak1D F1="1.490512" intensity="1.117861e+000" type="0"/>
    <Peak1D F1="1.488575" intensity="1.129538e+000" type="0"/>
    <Peak1D F1="1.483873" intensity="9.585435e-001" type="0"/>
    <Peak1D F1="1.478816" intensity="1.268533e+000" type="0"/>
    <Peak1D F1="1.471768" intensity="1.617114e+000" type="0"/>
    <Peak1D F1="1.462542" intensity="3.467900e+000" type="0"/>
    <Peak1D F1="1.460214" intensity="3.542909e+000" type="0"/>
    <Peak1D F1="1.394819" intensity="9.893442e+000" type="0"/>
    <Peak1D F1="1.392979" intensity="9.827971e+000" type="0"/>
    <Peak1D F1="1.379899" intensity="1.224428e+001" type="0"/>
    <Peak1D F1="1.375816" intensity="1.269817e+001" type="0"/>
    <Peak1D F1="1.373685" intensity="1.261298e+001" type="0"/>
    <Peak1D F1="1.362369" intensity="9.398469e+000" type="0"/>
    <Peak1D F1="1.354751" intensity="9.376689e+000" type="0"/>
    <Peak1D F1="1.351543" intensity="9.272882e+000" type="0"/>
    <Peak1D F1="1.336826" intensity="8.402577e+000" type="0"/>
    <Peak1D F1="1.332841" intensity="8.801702e+000" type="0"/>
    <Peak1D F1="1.327574" intensity="9.093972e+000" type="0"/>
    <Peak1D F1="1.326013" intensity="9.169606e+000" type="0"/>
    <Peak1D F1="1.324218" intensity="9.151290e+000" type="0"/>
    <Peak1D F1="1.316030" intensity="1.051451e+001" type="0"/>
    <Peak1D F1="1.312038" intensity="1.068121e+001" type="0"/>
    <Peak1D F1="1.305670" intensity="1.131294e+001" type="0"/>
    <Peak1D F1="1.302759" intensity="1.140640e+001" type="0"/>
    <Peak1D F1="1.294118" intensity="1.277493e+001" type="0"/>
    <Peak1D F1="1.292017" intensity="1.264533e+001" type="0"/>
    <Peak1D F1="1.289290" intensity="1.275106e+001" type="0"/>
    <Peak1D F1="1.285739" intensity="1.302998e+001" type="0"/>
    <Peak1D F1="1.282697" intensity="1.283842e+001" type="0"/>
    <Peak1D F1="1.273907" intensity="1.128909e+001" type="0"/>
    <Peak1D F1="1.271709" intensity="1.124021e+001" type="0"/>
    <Peak1D F1="1.208239" intensity="3.790522e+000" type="0"/>
    <Peak1D F1="1.189497" intensity="8.868719e-001" type="0"/>
    <Peak1D F1="1.185802" intensity="7.234704e-001" type="0"/>
    <Peak1D F1="1.150028" intensity="1.854095e+000" type="0"/>
    <Peak1D F1="1.147188" intensity="2.191567e+000" type="0"/>
    <Peak1D F1="1.138446" intensity="3.116194e+000" type="0"/>
    <Peak1D F1="1.130573" intensity="3.027195e+000" type="0"/>
    <Peak1D F1="1.127946" intensity="2.998144e+000" type="0"/>
    <Peak1D F1="1.066839" intensity="1.149985e+001" type="0"/>
    <Peak1D F1="1.065043" intensity="1.148675e+001" type="0"/>
    <Peak1D F1="1.058692" intensity="1.204928e+001" type="0"/>
    <Peak1D F1="1.051925" intensity="1.262935e+001" type="0"/>
    <Peak1D F1="1.042157" intensity="1.500000e+001" type="0"/>
    <Peak1D F1="1.030760" intensity="1.300729e+001" type="0"/>
    <Peak1D F1="1.020675" intensity="1.433502e+001" type="0"/>
    <Peak1D F1="1.014072" intensity="1.371571e+001" type="0"/>
    <Peak1D F1="1.009126" intensity="1.389343e+001" type="0"/>
    <Peak1D F1="1.004074" intensity="1.388837e+001" type="0"/>
    <Peak1D F1="0.999710" intensity="1.387243e+001" type="0"/>
    <Peak1D F1="0.996835" intensity="1.394939e+001" type="0"/>
    <Peak1D F1="0.991120" intensity="1.398116e+001" type="0"/>
    <Peak1D F1="0.983423" intensity="1.299231e+001" type="0"/>
    <Peak1D F1="0.910702" intensity="5.858501e+000" type="0"/>
    <Peak1D F1="0.885548" intensity="6.192563e-001" type="0"/>
    <Peak1D F1="0.882646" intensity="7.224453e-001" type="0"/>
    <Peak1D F1="0.859182" intensity="2.113780e+000" type="0"/>
    <Peak1D F1="0.857138" intensity="2.213537e+000" type="0"/>
    <Peak1D F1="0.804718" intensity="4.176054e+000" type="0"/>
    <Peak1D F1="0.727529" intensity="1.385374e+001" type="0"/>
    <Peak1D F1="0.724865" intensity="1.382584e+001" type="0"/>
    <Peak1D F1="0.721155" intensity="1.325331e+001" type="0"/>
    <Peak1D F1="0.717799" intensity="1.345316e+001" type="0"/>
    <Peak1D F1="0.708810" intensity="1.477403e+001" type="0"/>
    <Peak1D F1="0.702513" intensity="1.438326e+001" type="0"/>
    <Peak1D F1="0.696882" intensity="1.379648e+001" type="0"/>
    <Peak1D F1="0.695696" intensity="1.379529e+001" type="0"/>
    <Peak1D F1="0.685318" intensity="1.355482e+001" type="0"/>
    <Peak1D F1="0.679197" intensity="1.370825e+001" type="0"/>
    <Peak1D F1="0.675266" intensity="1.387788e+001" type="0"/>
    <Peak1D F1="0.672776" intensity="1.374223e+001" type="0"/>
    <Peak1D F1="0.663517" intensity="1.337973e+001" type="0"/>
    <Peak1D F1="0.655947" intensity="1.389108e+001" type="0"/>
    <Peak1D F1="0.642688" intensity="1.092810e+001" type="0"/>
    <Peak1D F1="0.574861" intensity="3.802277e+000" type="0"/>
    <Peak1D F1="0.570912" intensity="3.944576e+000" type="0"/>
    <Peak1D F1="0.528807" intensity="2.009067e+000" type="0"/>
    <Peak1D F1="0.526341" intensity="2.104844e+000" type="0"/>
    <Peak1D F1="0.524110" intensity="2.064930e+000" type="0"/>
    <Peak1D F1="0.490802" intensity="1.819745e+000" type="0"/>
    <Peak1D F1="0.464653" intensity="1.630980e+000" type="0"/>
    <Peak1D F1="0.456561" intensity="7.191721e-001" type="0"/>
    <Peak1D F1="0.443133" intensity="7.430331e-001" type="0"/>
    <Peak1D F1="0.440849" intensity="8.940360e-001" type="0"/>
    <Peak1D F1="0.434596" intensity="1.268958e+000" type="0"/>
    <Peak1D F1="0.431589" intensity="1.019812e+000" type="0"/>
    <Peak1D F1="0.412631" intensity="1.915152e+000" type="0"/>
    <Peak1D F1="0.404172" intensity="1.229001e+000" type="0"/>
    <Peak1D F1="0.393361" intensity="2.680531e+000" type="0"/>
    <Peak1D F1="0.387366" intensity="2.397789e+000" type="0"/>
    <Peak1D F1="0.382981" intensity="2.614188e+000" type="0"/>
    <Peak1D F1="0.369969" intensity="4.256511e+000" type="0"/>
    <Peak1D F1="0.367916" intensity="4.221388e+000" type="0"/>
    <Peak1D F1="0.366017" intensity="4.191061e+000" type="0"/>
    <Peak1D F1="0.351794" intensity="6.972349e+000" type="0"/>
    <Peak1D F1="0.344478" intensity="7.343392e+000" type="0"/>
    <Peak1D F1="0.329234" intensity="1.037030e+001" type="0"/>
    <Peak1D F1="0.323087" intensity="1.003189e+001" type="0"/>
    <Peak1D F1="0.315121" intensity="1.068499e+001" type="0"/>
    <Peak1D F1="0.313493" intensity="1.066994e+001" type="0"/>
    <Peak1D F1="0.311714" intensity="1.062631e+001" type="0"/>
    <Peak1D F1="0.308481" intensity="1.009460e+001" type="0"/>
    <Peak1D F1="0.239789" intensity="4.227077e+000" type="0"/>
    <Peak1D F1="0.196010" intensity="3.461079e+000" type="0"/>
    <Peak1D F1="0.128404" intensity="1.124447e+001" type="0"/>
    <Peak1D F1="0.124677" intensity="1.166579e+001" type="0"/>
    <Peak1D F1="0.105046" intensity="9.249824e+000" type="0"/>
    <Peak1D F1="0.100519" intensity="8.892290e+000" type="0"/>
    <Peak1D F1="0.083423" intensity="5.136366e+000" type="0"/>
    <Peak1D F1="0.079659" intensity="5.218880e+000" type="0"/>
    <Peak1D F1="0.060145" intensity="2.966631e+000" type="0"/>
    <Peak1D F1="0.057711" intensity="2.922824e+000" type="0"/>
    <Peak1D F1="0.042245" intensity="1.574297e+000" type="0"/>
    <Peak1D F1="0.039852" intensity="1.489119e+000" type="0"/>
    <Peak1D F1="0.036653" intensity="1.501794e+000" type="0"/>
    <Peak1D F1="0.031984" intensity="1.242572e+000" type="0"/>
    <Peak1D F1="0.025478" intensity="1.101292e+000" type="0"/>
    <Peak1D F1="0.021625" intensity="1.003657e+000" type="0"/>
    <Peak1D F1="0.018864" intensity="1.032251e+000" type="0"/>
    <Peak1D F1="0.015609" intensity="9.616296e-001" type="0"/>
    <Peak1D F1="0.013765" intensity="1.037833e+000" type="0"/>
    <Peak1D F1="0.003816" intensity="5.985889e-001" type="0"/>
    <Peak1D F1="-0.002082" intensity="5.405807e-001" type="0"/>
    <Peak1D F1="-0.011665" intensity="5.339202e-001" type="0"/>
    <Peak1D F1="-0.015619" intensity="3.991612e-001" type="0"/>
    <Peak1D F1="-0.025235" intensity="5.531246e-001" type="0"/>
    <Peak1D F1="-0.032867" intensity="3.627126e-001" type="0"/>
    <Peak1D F1="-0.039075" intensity="3.154626e-001" type="0"/>
    <Peak1D F1="-0.044627" intensity="4.912072e-001" type="0"/>
    <Peak1D F1="-0.051964" intensity="3.099489e-001" type="0"/>
    <Peak1D F1="-0.055988" intensity="3.117851e-001" type="0"/>
    <Peak1D F1="-0.060718" intensity="3.742664e-001" type="0"/>
    <Peak1D F1="-0.080248" intensity="4.287421e-001" type="0"/>
    <Peak1D F1="-0.100607" intensity="3.197280e-001" type="0"/>
  </PeakList1D>
</PeakList>
