<?xml version="1.0" encoding="UTF-8"?>
<PeakList>
  <PeakList1D>
    <PeakList1DHeader creator="nmrsu" date="2024-07-25T11:00:07.914+01:00" expNo="10" name="Jul25-2024-AIC_Group" owner="" procNo="1" source="C:/Bruker/TopSpin3.6.5/data/AIC_Group/nmr">
      <PeakPickDetails>F1=16.451679ppm, F2=-4.100852ppm, MI=0.00cm, MAXI=10000.00cm, PC=1.000
      </PeakPickDetails>
    </PeakList1DHeader>
    <Peak1D F1="13.906689" intensity="1.070419e-002" type="0"/>
    <Peak1D F1="11.983181" intensity="1.149572e-002" type="0"/>
    <Peak1D F1="9.993809" intensity="1.869760e-002" type="0"/>
    <Peak1D F1="9.306929" intensity="1.191232e-002" type="0"/>
    <Peak1D F1="9.284986" intensity="1.424234e-002" type="0"/>
    <Peak1D F1="9.263008" intensity="5.328802e-002" type="0"/>
    <Peak1D F1="9.257122" intensity="5.559739e-002" type="0"/>
    <Peak1D F1="9.227604" intensity="6.099965e-002" type="0"/>
    <Peak1D F1="9.199846" intensity="1.277494e-002" type="0"/>
    <Peak1D F1="9.187229" intensity="1.324249e-002" type="0"/>
    <Peak1D F1="9.181994" intensity="1.550044e-002" type="0"/>
    <Peak1D F1="9.154693" intensity="3.332175e-002" type="0"/>
    <Peak1D F1="9.140125" intensity="1.895943e-002" type="0"/>
    <Peak1D F1="9.122910" intensity="1.853800e-002" type="0"/>
    <Peak1D F1="9.077753" intensity="1.800390e-002" type="0"/>
    <Peak1D F1="9.014077" intensity="3.311255e-002" type="0"/>
    <Peak1D F1="8.990275" intensity="5.184265e-002" type="0"/>
    <Peak1D F1="8.929040" intensity="5.960100e+000" type="0"/>
    <Peak1D F1="8.714420" intensity="5.440523e-002" type="0"/>
    <Peak1D F1="8.690714" intensity="9.938147e-002" type="0"/>
    <Peak1D F1="8.656173" intensity="3.550737e-002" type="0"/>
    <Peak1D F1="8.607068" intensity="1.824404e-001" type="0"/>
    <Peak1D F1="8.585279" intensity="2.378461e-002" type="0"/>
    <Peak1D F1="8.548702" intensity="4.927865e-002" type="0"/>
    <Peak1D F1="8.528925" intensity="5.598646e-002" type="0"/>
    <Peak1D F1="8.473394" intensity="2.918762e+000" type="0"/>
    <Peak1D F1="8.453642" intensity="3.311200e+000" type="0"/>
    <Peak1D F1="8.406673" intensity="3.102976e-002" type="0"/>
    <Peak1D F1="8.387936" intensity="3.764146e-002" type="0"/>
    <Peak1D F1="8.373008" intensity="3.472401e-002" type="0"/>
    <Peak1D F1="8.345716" intensity="3.422363e-002" type="0"/>
    <Peak1D F1="8.303754" intensity="3.651533e-002" type="0"/>
    <Peak1D F1="8.288126" intensity="3.242964e-002" type="0"/>
    <Peak1D F1="8.194548" intensity="1.986545e+000" type="0"/>
    <Peak1D F1="8.174960" intensity="1.704216e+000" type="0"/>
    <Peak1D F1="8.141103" intensity="4.385309e-002" type="0"/>
    <Peak1D F1="8.122296" intensity="9.130424e-002" type="0"/>
    <Peak1D F1="8.091764" intensity="2.929339e-002" type="0"/>
    <Peak1D F1="8.068377" intensity="7.634605e-002" type="0"/>
    <Peak1D F1="8.039357" intensity="2.069663e-002" type="0"/>
    <Peak1D F1="8.019711" intensity="1.182135e-002" type="0"/>
    <Peak1D F1="7.960333" intensity="1.837203e-002" type="0"/>
    <Peak1D F1="7.932629" intensity="1.720055e-002" type="0"/>
    <Peak1D F1="7.908827" intensity="1.607504e-002" type="0"/>
    <Peak1D F1="7.839019" intensity="3.784658e-002" type="0"/>
    <Peak1D F1="7.814371" intensity="4.546741e-002" type="0"/>
    <Peak1D F1="7.765492" intensity="1.100853e-002" type="0"/>
    <Peak1D F1="7.701607" intensity="1.720958e-002" type="0"/>
    <Peak1D F1="7.686641" intensity="4.058770e-002" type="0"/>
    <Peak1D F1="7.683492" intensity="4.189070e-002" type="0"/>
    <Peak1D F1="7.658504" intensity="3.342285e-002" type="0"/>
    <Peak1D F1="7.633182" intensity="4.790827e-002" type="0"/>
    <Peak1D F1="7.610505" intensity="4.625045e-002" type="0"/>
    <Peak1D F1="7.566728" intensity="4.091332e-002" type="0"/>
    <Peak1D F1="7.544973" intensity="4.641155e-002" type="0"/>
    <Peak1D F1="7.519287" intensity="2.444422e-002" type="0"/>
    <Peak1D F1="7.500873" intensity="2.499725e-002" type="0"/>
    <Peak1D F1="7.461637" intensity="4.498352e-002" type="0"/>
    <Peak1D F1="7.446226" intensity="4.110499e-002" type="0"/>
    <Peak1D F1="7.429265" intensity="4.101389e-002" type="0"/>
    <Peak1D F1="7.415124" intensity="5.531609e-002" type="0"/>
    <Peak1D F1="7.391124" intensity="1.097592e-001" type="0"/>
    <Peak1D F1="7.377027" intensity="1.232689e-001" type="0"/>
    <Peak1D F1="7.356226" intensity="6.346139e-002" type="0"/>
    <Peak1D F1="7.333183" intensity="7.122332e-002" type="0"/>
    <Peak1D F1="7.306616" intensity="7.934080e-002" type="0"/>
    <Peak1D F1="7.286467" intensity="1.065311e-001" type="0"/>
    <Peak1D F1="7.264290" intensity="9.385900e-002" type="0"/>
    <Peak1D F1="7.233542" intensity="1.051659e-001" type="0"/>
    <Peak1D F1="7.164680" intensity="3.237000e+000" type="0"/>
    <Peak1D F1="7.082097" intensity="3.022386e-001" type="0"/>
    <Peak1D F1="7.041194" intensity="2.509821e-001" type="0"/>
    <Peak1D F1="6.947513" intensity="4.389003e-001" type="0"/>
    <Peak1D F1="6.938347" intensity="4.345394e-001" type="0"/>
    <Peak1D F1="6.627318" intensity="2.990485e-002" type="0"/>
    <Peak1D F1="6.595690" intensity="2.091972e-002" type="0"/>
    <Peak1D F1="6.408882" intensity="1.097522e-002" type="0"/>
    <Peak1D F1="6.385262" intensity="2.533691e-002" type="0"/>
    <Peak1D F1="6.198780" intensity="1.252911e-002" type="0"/>
    <Peak1D F1="5.995122" intensity="4.093928e-002" type="0"/>
    <Peak1D F1="5.975066" intensity="3.482212e-002" type="0"/>
    <Peak1D F1="5.859748" intensity="1.748852e-002" type="0"/>
    <Peak1D F1="5.840025" intensity="1.921515e-002" type="0"/>
    <Peak1D F1="5.834093" intensity="1.904769e-002" type="0"/>
    <Peak1D F1="5.811327" intensity="3.986079e-002" type="0"/>
    <Peak1D F1="5.775442" intensity="2.350006e-002" type="0"/>
    <Peak1D F1="5.521618" intensity="6.125954e-001" type="0"/>
    <Peak1D F1="5.397278" intensity="6.607983e-002" type="0"/>
    <Peak1D F1="5.382219" intensity="5.981990e-002" type="0"/>
    <Peak1D F1="4.779447" intensity="1.231055e-002" type="0"/>
    <Peak1D F1="4.737327" intensity="1.155808e-002" type="0"/>
    <Peak1D F1="4.726183" intensity="1.129773e-002" type="0"/>
    <Peak1D F1="4.699333" intensity="1.154162e-002" type="0"/>
    <Peak1D F1="4.643159" intensity="1.101936e-002" type="0"/>
    <Peak1D F1="4.195170" intensity="2.131311e-002" type="0"/>
    <Peak1D F1="4.172419" intensity="1.886753e-002" type="0"/>
    <Peak1D F1="4.136549" intensity="4.402648e-002" type="0"/>
    <Peak1D F1="4.094294" intensity="4.364771e-002" type="0"/>
    <Peak1D F1="4.034698" intensity="3.300824e+000" type="0"/>
    <Peak1D F1="3.984207" intensity="5.860749e-002" type="0"/>
    <Peak1D F1="3.967369" intensity="5.677427e-002" type="0"/>
    <Peak1D F1="3.900744" intensity="4.059825e-002" type="0"/>
    <Peak1D F1="3.836864" intensity="1.953609e-001" type="0"/>
    <Peak1D F1="3.686873" intensity="5.483174e-002" type="0"/>
    <Peak1D F1="3.670435" intensity="1.043092e-001" type="0"/>
    <Peak1D F1="3.653900" intensity="4.649634e-002" type="0"/>
    <Peak1D F1="3.627920" intensity="2.849943e-002" type="0"/>
    <Peak1D F1="3.607095" intensity="1.971841e-002" type="0"/>
    <Peak1D F1="3.540697" intensity="2.317798e-002" type="0"/>
    <Peak1D F1="3.516484" intensity="1.456954e-002" type="0"/>
    <Peak1D F1="3.482183" intensity="1.249872e-001" type="0"/>
    <Peak1D F1="3.474134" intensity="4.145006e-001" type="0"/>
    <Peak1D F1="3.438775" intensity="2.661289e-002" type="0"/>
    <Peak1D F1="3.401707" intensity="1.395656e-002" type="0"/>
    <Peak1D F1="3.357732" intensity="2.644891e-002" type="0"/>
    <Peak1D F1="3.301844" intensity="9.623089e+000" type="0"/>
    <Peak1D F1="3.259927" intensity="2.171477e-002" type="0"/>
    <Peak1D F1="3.227479" intensity="1.785832e-002" type="0"/>
    <Peak1D F1="3.203581" intensity="1.793641e-002" type="0"/>
    <Peak1D F1="3.172765" intensity="1.895061e-002" type="0"/>
    <Peak1D F1="3.147783" intensity="1.873304e-002" type="0"/>
    <Peak1D F1="3.124853" intensity="6.848174e-002" type="0"/>
    <Peak1D F1="3.104150" intensity="1.813311e-002" type="0"/>
    <Peak1D F1="3.100066" intensity="1.934013e-002" type="0"/>
    <Peak1D F1="3.057766" intensity="2.052431e-002" type="0"/>
    <Peak1D F1="3.000907" intensity="2.468278e-002" type="0"/>
    <Peak1D F1="2.982558" intensity="2.684776e-002" type="0"/>
    <Peak1D F1="2.935729" intensity="3.005148e-002" type="0"/>
    <Peak1D F1="2.929230" intensity="3.407621e-002" type="0"/>
    <Peak1D F1="2.887217" intensity="3.599609e-002" type="0"/>
    <Peak1D F1="2.859467" intensity="5.368399e-002" type="0"/>
    <Peak1D F1="2.813905" intensity="4.724505e-002" type="0"/>
    <Peak1D F1="2.804553" intensity="4.843062e-002" type="0"/>
    <Peak1D F1="2.782874" intensity="5.146023e-002" type="0"/>
    <Peak1D F1="2.757422" intensity="5.638559e-002" type="0"/>
    <Peak1D F1="2.628769" intensity="2.256001e-001" type="0"/>
    <Peak1D F1="2.601969" intensity="1.148802e-001" type="0"/>
    <Peak1D F1="2.574520" intensity="1.334672e-001" type="0"/>
    <Peak1D F1="2.554911" intensity="1.978613e-001" type="0"/>
    <Peak1D F1="2.506462" intensity="6.986029e-001" type="0"/>
    <Peak1D F1="2.448155" intensity="3.007316e-001" type="0"/>
    <Peak1D F1="2.440926" intensity="4.471299e-001" type="0"/>
    <Peak1D F1="2.395218" intensity="1.500000e+001" type="0"/>
    <Peak1D F1="2.368501" intensity="5.863941e-001" type="0"/>
    <Peak1D F1="2.300483" intensity="2.029802e-001" type="0"/>
    <Peak1D F1="2.291663" intensity="1.931068e-001" type="0"/>
    <Peak1D F1="2.269969" intensity="1.908161e-001" type="0"/>
    <Peak1D F1="2.254871" intensity="1.921073e-001" type="0"/>
    <Peak1D F1="2.240068" intensity="2.942021e-001" type="0"/>
    <Peak1D F1="2.232750" intensity="2.250927e-001" type="0"/>
    <Peak1D F1="2.160355" intensity="2.171927e-001" type="0"/>
    <Peak1D F1="2.147544" intensity="1.465143e-001" type="0"/>
    <Peak1D F1="2.141449" intensity="1.822894e-001" type="0"/>
    <Peak1D F1="2.135192" intensity="2.242102e-001" type="0"/>
    <Peak1D F1="2.128972" intensity="1.815843e-001" type="0"/>
    <Peak1D F1="2.122818" intensity="1.253702e-001" type="0"/>
    <Peak1D F1="2.114434" intensity="1.011832e-001" type="0"/>
    <Peak1D F1="2.100589" intensity="8.990394e-002" type="0"/>
    <Peak1D F1="2.090249" intensity="9.213085e-002" type="0"/>
    <Peak1D F1="2.078833" intensity="1.032922e-001" type="0"/>
    <Peak1D F1="2.073246" intensity="9.886506e-002" type="0"/>
    <Peak1D F1="2.067640" intensity="9.259562e-002" type="0"/>
    <Peak1D F1="2.051759" intensity="9.721573e-002" type="0"/>
    <Peak1D F1="2.042960" intensity="1.039504e-001" type="0"/>
    <Peak1D F1="2.003727" intensity="3.606571e-001" type="0"/>
    <Peak1D F1="1.992190" intensity="1.768489e+001" type="0"/>
    <Peak1D F1="1.980234" intensity="8.657350e+000" type="0"/>
    <Peak1D F1="1.974051" intensity="1.653158e+001" type="0"/>
    <Peak1D F1="1.967865" intensity="2.366628e+001" type="0"/>
    <Peak1D F1="1.961693" intensity="1.608256e+001" type="0"/>
    <Peak1D F1="1.955557" intensity="8.207552e+000" type="0"/>
    <Peak1D F1="1.894170" intensity="8.685906e-002" type="0"/>
    <Peak1D F1="1.847145" intensity="8.853821e-002" type="0"/>
    <Peak1D F1="1.839140" intensity="9.042729e-002" type="0"/>
    <Peak1D F1="1.830522" intensity="1.584549e-001" type="0"/>
    <Peak1D F1="1.819969" intensity="1.612835e-001" type="0"/>
    <Peak1D F1="1.814048" intensity="8.878799e-002" type="0"/>
    <Peak1D F1="1.808956" intensity="8.361624e-002" type="0"/>
    <Peak1D F1="1.802614" intensity="1.270949e-001" type="0"/>
    <Peak1D F1="1.796449" intensity="1.668566e-001" type="0"/>
    <Peak1D F1="1.790225" intensity="1.280720e-001" type="0"/>
    <Peak1D F1="1.784037" intensity="7.414515e-002" type="0"/>
    <Peak1D F1="1.759271" intensity="3.567695e-002" type="0"/>
    <Peak1D F1="1.696901" intensity="2.956141e-002" type="0"/>
    <Peak1D F1="1.642317" intensity="2.705844e-002" type="0"/>
    <Peak1D F1="1.608443" intensity="2.373024e-002" type="0"/>
    <Peak1D F1="1.562788" intensity="2.624392e-002" type="0"/>
    <Peak1D F1="1.529369" intensity="2.563538e-002" type="0"/>
    <Peak1D F1="1.501486" intensity="2.023934e-002" type="0"/>
    <Peak1D F1="1.464933" intensity="1.777497e-002" type="0"/>
    <Peak1D F1="1.443409" intensity="2.086615e-002" type="0"/>
    <Peak1D F1="1.388388" intensity="2.110962e-002" type="0"/>
    <Peak1D F1="1.345387" intensity="3.658266e-002" type="0"/>
    <Peak1D F1="1.298841" intensity="1.971736e-001" type="0"/>
    <Peak1D F1="1.239560" intensity="1.708157e-002" type="0"/>
    <Peak1D F1="1.235480" intensity="1.814924e-002" type="0"/>
    <Peak1D F1="1.177506" intensity="1.406386e-002" type="0"/>
    <Peak1D F1="1.133963" intensity="1.828254e-002" type="0"/>
    <Peak1D F1="1.056202" intensity="1.140921e-002" type="0"/>
    <Peak1D F1="0.983576" intensity="1.289188e-002" type="0"/>
    <Peak1D F1="0.910737" intensity="5.326876e-002" type="0"/>
    <Peak1D F1="0.893102" intensity="2.963250e-002" type="0"/>
    <Peak1D F1="0.842417" intensity="1.403332e-002" type="0"/>
    <Peak1D F1="0.107583" intensity="1.349630e-002" type="0"/>
    <Peak1D F1="-2.208987" intensity="1.143885e-002" type="0"/>
    <Peak1D F1="-2.686755" intensity="1.037034e-002" type="0"/>
    <Peak1D F1="-3.322845" intensity="1.185322e-002" type="0"/>
  </PeakList1D>
</PeakList>
